iceza555,5,iphone 12 pro,12 pro 128gb,3,27000,images/2021-10-20_1634746011700.jpg,10/21/2021 @09:58 p.m.
iceza555,5,ipad pro 11",ipad pro 2020 11" 1TB,7,58000,images/2021-10-20_1634746119992.png,10/21/2021 @09:58 a.m.
mewI,4,samsung galaxy s21,s21 memory:128gb  color:silver,6,23000,images/pdnoimage.jpg,10/20/2021 @07:20 p.m.
mewI,4,ss,ss,880,100,images/pdnoimage.jpg,10/21/2021 @11:20 p.m.
mewI,4,s,s,5,10,images/pdnoimage.jpg,10/21/2021 @11:27 p.m.
mewI,4,cc,cc,30,11,images/pdnoimage.jpg,10/21/2021 @11:40 p.m.
noonna,10,a,wd,100,100,images/pdnoimage.jpg,10/21/2021 @11:47 p.m.
mewI,4,qw,qw,10,1300,images/pdnoimage.jpg,10/21/2021 @11:55 p.m.
mewI,4,ss,ss,10,23,images/pdnoimage.jpg,10/21/2021 @11:59 p.m.
mewI,4,ad,dd,30,23,images/2021-10-22_1634835759244.jpg,10/22/2021 @12:03 a.m.
mewI,4,ss,ss,23,10,images/pdnoimage.jpg,10/22/2021 @12:06 a.m.
mewI,4,oo,oo,36,15,images/pdnoimage.jpg,10/22/2021 @12:07 a.m.
mewI,4,gg,gg,30,1000,images/pdnoimage.jpg,10/22/2021 @12:08 a.m.
mewI,4,dd,dd,20,45,images/pdnoimage.jpg,10/22/2021 @04:07 a.m.
